{
  "applicationModelVersion": "19.3.1",
  "id": "starter",
  "description": "FA VB app",
  "defaultPage": "redwood/orders",
  "routerStrategy": "path",
  "chains": {},
  "configuration": {
    "initParams": {
      "ojSpVersion": "{{window.faConfig && window.faConfig['OJ_SP_VERSION'] ? window.faConfig['OJ_SP_VERSION'] : '2104.0.0-rc.1.2'}}",
      "cdnLocation": "{{window.FAEndPoints && window.FAEndPoints['CDN_LOCATION'] ? window.FAEndPoints['CDN_LOCATION'] : 'https://static-stage.oracle.com/cdn/'}}",
      "ojDynamic": "{{window.FAEndPoints && window.FAEndPoints.OJ_DYNAMIC ? window.FAEndPoints.OJ_DYNAMIC : 'https://static-stage.oracle.com/cdn/jet/packs/oj-dynamic/9.2.0-rc.3/min'}}",
      "ojSpDebug": "{{window.faConfig && window.faConfig.DEBUG ? window.faConfig.DEBUG : false}}"
    },
    "profile": "DT"
  },
  "requirejs": {
    "paths": {
      "oj-sp": "{{$initParams.ojSpDebug ? ($initParams.cdnLocation + 'spectra-ui/oj-sp/' + $initParams.ojSpVersion + '/debug') : ($initParams.cdnLocation + 'spectra-ui/oj-sp/' + $initParams.ojSpVersion)}}",
      "oj-sample": "resources/components/oj-sample",
      "fndconfig": "{{($initParams.ojSpDebug ? $initParams.cdnLocation + 'spectra-ui/oj-sp/' + $initParams.ojSpVersion + '/debug' : $initParams.cdnLocation + 'spectra-ui/oj-sp/' + $initParams.ojSpVersion) + '/spectra-shell/config'}}",
      "oj-dynamic": "{{$initParams.ojDynamic}}"
    },
    "bundles": {
      "oj-dynamic/all-bundle": [
        "oj-dynamic/bind-field/loader",
        "oj-dynamic/bind-section/loader",
        "oj-dynamic/container/loader",
        "oj-dynamic/form/loader",
        "oj-dynamic/table/loader",
        "oj-dynamic/providers/MetadataProviderFactory",
        "oj-dynamic/providers/TransformState",
        "oj-dynamic/providers/MetadataUtils",
        "oj-dynamic/providers/MetadataContentManager",
        "oj-dynamic/providers/MetadataTransformer",
        "oj-dynamic/providers/AdfBCExtension",
        "oj-dynamic/providers/DefaultFetchable",
        "oj-dynamic/providers/DynamicLayoutEngine",
        "oj-dynamic/providers/MetadataProviderManager",
        "oj-dynamic/providers/JsonMetadataProvider",
        "oj-dynamic/providers/ServiceMetadataProvider",
        "oj-dynamic/providers/DynamicLayoutProvider",
        "oj-dynamic/providers/DynamicLayoutMetadataProvider",
        "oj-dynamic/providers/DynamicLayoutMetadataProviderFactory",
        "oj-dynamic/providers/Extension",
        "oj-dynamic/providers/Fetchable",
        "oj-dynamic/providers/JsonMetadataProviderFactory",
        "oj-dynamic/providers/JsonMetadataSchema",
        "oj-dynamic/providers/OpenAPISchema",
        "oj-dynamic/providers/ServiceFetchable",
        "oj-dynamic/providers/ServiceMetadataProviderFactory",
        "oj-dynamic/shared/CommonUtils",
        "oj-dynamic/shared/DynamicComponentUtil",
        "oj-dynamic/shared/DataProviderFactory",
        "oj-dynamic/shared/UriTemplateUtils",
        "oj-dynamic/shared/DefaultRestDataProvider",
        "oj-dynamic/shared/DataProviderFactoryManager",
        "oj-dynamic/shared/DynamicInputContacts",
        "oj-dynamic/shared/DynamicLOVUtil",
        "oj-dynamic/shared/DynamicInputRegistry",
        "oj-dynamic/shared/DynamicInputFactory",
        "oj-dynamic/shared/DynamicUIMetadata",
        "oj-dynamic/shared/MetadataProvider",
        "oj-dynamic/shared/polyfills",
        "oj-dynamic/shared/MicroTaskQueue",
        "oj-dynamic/shared/UtilTypes"
      ],
      "oj-sp/oj-sp-component-bundle": [
        "oj-sp/attachments/loader",
        "oj-sp/attachments-common/AttachmentManager",
        "oj-sp/attachments-simple/loader",
        "oj-sp/card-footer/loader",
        "oj-sp/common-strings/resources/common-component-strings",
        "oj-sp/common/EventDispatcher",
        "oj-sp/common/PreviousNextIterator",
        "oj-sp/common/action",
        "oj-sp/common/activitystreamutils",
        "oj-sp/common/avatarinfo",
        "oj-sp/common/badge",
        "oj-sp/common/contextualinfo",
        "oj-sp/common/footertext",
        "oj-sp/common/iconinfo",
        "oj-sp/common/imageinfo",
        "oj-sp/data-provider/AutocompleteSearchTransforms",
        "oj-sp/data-provider/RecentSearchesTransforms",
        "oj-sp/data-provider/SmartSearchAndFilterDataProvider",
        "oj-sp/data-provider/SmartSuggestionChipsDataProvider",
        "oj-sp/filter-chip/loader",
        "oj-sp/foldout-layout/loader",
        "oj-sp/foldout-panel/loader",
        "oj-sp/header-create-edit/loader",
        "oj-sp/header-create-edit-2/loader",
        "oj-sp/header-general-overview/loader",
        "oj-sp/header-general-overview-2/loader",
        "oj-sp/header-navigation/loader",
        "oj-sp/header-welcome-banner/loader",
        "oj-sp/horizontal-overview/loader",
        "oj-sp/image/loader",
        "oj-sp/in-app-navigation/loader",
        "oj-sp/input-address/loader",
        "oj-sp/input-currency/loader",
        "oj-sp/input-email/loader",
        "oj-sp/input-key-flex-field/loader",
        "oj-sp/input-rich-text/loader",
        "oj-sp/input-url/loader",
        "oj-sp/item-overview-page/loader",
        "oj-sp/item-overview/loader",
        "oj-sp/list-item-template/loader",
        "oj-sp/list-section/loader",
        "oj-sp/object-card/loader",
        "oj-sp/overflow/loader",
        "oj-sp/preview-card/loader",
        "oj-sp/profile-card/loader",
        "oj-sp/select-single-currency/loader",
        "oj-sp/select-single-item-template/loader",
        "oj-sp/simple-create-edit/loader",
        "oj-sp/smart-filter-search/loader",
        "oj-sp/smart-filters/loader",
        "oj-sp/summarizing-collection/loader",
        "oj-sp/expandable-list-item/loader",
        "oj-sp/task-card/loader",
        "oj-sp/thumbnail/loader",
        "oj-sp/welcome-page/loader"
      ],
      "oj-sp/spectra-shell/oj-sp-shell-bundle": "{{$initParams.ojSpDebug ? [] : ['oj-sp/spectra-shell/applcore/security/FndSecurityProvider', 'oj-sp/spectra-shell/applcore/security/tokenRelayPlugin', 'fndconfig/config']}}"
    }
  },
  "services": {
    "nav-service": "vb-catalog://services/navigatorMenuActions",
    "notifications-service": "vb-catalog://services/atkPopupItems",
    "userinfo-service": "vb-catalog://services/userinfo",
    "routes-service": "vb-catalog://services/namedRoutes",
    "suggestions-service": "vb-catalog://services/suggestions",
    "impersonate-service": "vb-catalog://services/impersonateeList",
    "faFodOrder": {
      "path": "vb-catalog://services/faFodOrder"
    },
    "fodRecentSearches": {
      "path": "vb-catalog://services/fodRecentSearches"
    },
    "fodOrders": {
      "path": "vb-catalog://services/fodOrders"
    },
    "fodCustomers": {
      "path": "vb-catalog://services/fodCustomers"
    },
    "fodProducts": {
      "path": "vb-catalog://services/fodProducts"
    }
  },
  "translations": {
    "app": {
      "path": "./resources/strings/app/nls/app-strings"
    }
  },
  "types": {},
  "variables": {},
  "userConfig": {
    "type": "oj-sp/spectra-shell/applcore/security/FndSecurityProvider",
    "configuration": {
      "endpoint": "userinfo-service/userinfo"
    },
    "embedding": "deny"
  },
  "security": {
    "access": {
      "requiresAuthentication": false
    }
  },
  "flows": {
    "redwood": "oj-sp/spectra-shell/flows/redwood",
    "redwoodHome": "oj-sp/spectra-shell/flows/redwoodHome"
  }
}